modality,avg_l2_norm,percentage
CNN,4.77049025501129,30.32351021557045
BERT,7.207504952709612,45.814337390727424
MLP,3.057622071976717,19.43570349767337
GNN,0.6963683021092951,4.426448896028756
